,epoch,Lambda,Gamma,cover,learning_rate,quantiles,tree_height,feature_ratio,sample_ratio,time,confusion,acc,pre,spe,f1
0,10,0,0,0,0.1,5,3,0.25,0.25,6.250570774078369,"[[61  5]
 [ 8 16]]",0.8555555555555555,0.7619047619047619,0.9242424242424242,0.7111111111111111
1,10,0,0,0,0.1,5,6,0.25,0.25,23.026673793792725,"[[60  6]
 [ 8 16]]",0.8444444444444444,0.7272727272727273,0.9090909090909092,0.6956521739130435
2,10,0,0,0,0.1,13,3,0.25,0.25,30.32124614715576,"[[60  6]
 [ 7 17]]",0.8555555555555555,0.7391304347826086,0.9090909090909092,0.723404255319149
3,10,0,0,0,0.1,13,6,0.25,0.25,50.672964572906494,"[[58  8]
 [ 7 17]]",0.8333333333333334,0.68,0.8787878787878788,0.6938775510204083
4,10,0,0,0,0.3,5,3,0.25,0.25,56.54465293884277,"[[58  8]
 [ 7 17]]",0.8333333333333334,0.68,0.8787878787878788,0.6938775510204083
5,10,0,0,0,0.3,5,6,0.25,0.25,72.91932511329651,"[[57  9]
 [ 6 18]]",0.8333333333333334,0.6666666666666666,0.8636363636363636,0.7058823529411765
6,10,0,0,0,0.3,13,3,0.25,0.25,80.58557152748108,"[[58  8]
 [ 6 18]]",0.8444444444444444,0.6923076923076923,0.8787878787878788,0.7199999999999999
7,10,0,0,0,0.3,13,6,0.25,0.25,100.7396364212036,"[[57  9]
 [ 6 18]]",0.8333333333333334,0.6666666666666666,0.8636363636363636,0.7058823529411765
8,10,0,0,1,0.1,5,3,0.25,0.25,107.48175358772278,"[[57  9]
 [ 6 18]]",0.8333333333333334,0.6666666666666666,0.8636363636363636,0.7058823529411765
9,10,0,0,1,0.1,5,6,0.25,0.25,123.11385416984558,"[[58  8]
 [ 6 18]]",0.8444444444444444,0.6923076923076923,0.8787878787878788,0.7199999999999999
10,10,0,0,1,0.1,13,3,0.25,0.25,132.01012063026428,"[[58  8]
 [ 6 18]]",0.8444444444444444,0.6923076923076923,0.8787878787878788,0.7199999999999999
11,10,0,0,1,0.1,13,6,0.25,0.25,150.3823847770691,"[[59  7]
 [ 6 18]]",0.8555555555555555,0.72,0.8939393939393939,0.7346938775510204
12,10,0,0,1,0.3,5,3,0.25,0.25,157.7178213596344,"[[60  6]
 [ 6 18]]",0.8666666666666667,0.75,0.9090909090909092,0.75
13,10,0,0,1,0.3,5,6,0.25,0.25,172.45457124710083,"[[58  8]
 [ 6 18]]",0.8444444444444444,0.6923076923076923,0.8787878787878788,0.7199999999999999
14,10,0,0,1,0.3,13,3,0.25,0.25,181.5806488990784,"[[58  8]
 [ 6 18]]",0.8444444444444444,0.6923076923076923,0.8787878787878788,0.7199999999999999
15,10,0,0,1,0.3,13,6,0.25,0.25,200.2849314212799,"[[57  9]
 [ 6 18]]",0.8333333333333334,0.6666666666666666,0.8636363636363636,0.7058823529411765
16,10,0,0,3,0.1,5,3,0.25,0.25,208.3295395374298,"[[58  8]
 [ 6 18]]",0.8444444444444444,0.6923076923076923,0.8787878787878788,0.7199999999999999
17,10,0,0,3,0.1,5,6,0.25,0.25,220.85584115982056,"[[58  8]
 [ 6 18]]",0.8444444444444444,0.6923076923076923,0.8787878787878788,0.7199999999999999
18,10,0,0,3,0.1,13,3,0.25,0.25,230.6931586265564,"[[58  8]
 [ 6 18]]",0.8444444444444444,0.6923076923076923,0.8787878787878788,0.7199999999999999
19,10,0,0,3,0.1,13,6,0.25,0.25,247.94393610954285,"[[57  9]
 [ 6 18]]",0.8333333333333334,0.6666666666666666,0.8636363636363636,0.7058823529411765
20,10,0,0,3,0.3,5,3,0.25,0.25,256.4229018688202,"[[58  8]
 [ 6 18]]",0.8444444444444444,0.6923076923076923,0.8787878787878788,0.7199999999999999
21,10,0,0,3,0.3,5,6,0.25,0.25,8.312415361404419,"[[42 17]
 [10 21]]",0.7,0.5526315789473685,0.711864406779661,0.6086956521739131
22,10,0,0,3,0.3,13,3,0.25,0.25,5.986513614654541,"[[47  8]
 [ 9 26]]",0.8111111111111111,0.7647058823529411,0.8545454545454545,0.7536231884057971
23,10,0,0,3,0.3,13,6,0.25,0.25,11.615761280059814,"[[47  8]
 [ 6 29]]",0.8444444444444444,0.7837837837837838,0.8545454545454545,0.8055555555555555
24,10,0,0,5,0.1,5,3,0.25,0.25,4.88010048866272,"[[46  9]
 [ 6 29]]",0.8333333333333334,0.7631578947368421,0.8363636363636363,0.7945205479452055
25,10,0,0,5,0.1,5,6,0.25,0.25,7.514087438583374,"[[47  8]
 [ 6 29]]",0.8444444444444444,0.7837837837837838,0.8545454545454545,0.8055555555555555
26,10,0,0,5,0.1,13,3,0.25,0.25,6.787230014801025,"[[47  8]
 [ 6 29]]",0.8444444444444444,0.7837837837837838,0.8545454545454545,0.8055555555555555
27,10,0,0,5,0.1,13,6,0.25,0.25,11.595141410827637,"[[47  8]
 [ 6 29]]",0.8444444444444444,0.7837837837837838,0.8545454545454545,0.8055555555555555
28,10,0,0,5,0.3,5,3,0.25,0.25,5.260996580123901,"[[47  8]
 [ 6 29]]",0.8444444444444444,0.7837837837837838,0.8545454545454545,0.8055555555555555
29,10,0,0,5,0.3,5,6,0.25,0.25,7.561427116394043,"[[47  8]
 [ 6 29]]",0.8444444444444444,0.7837837837837838,0.8545454545454545,0.8055555555555555
30,10,0,0,5,0.3,13,3,0.25,0.25,6.925639390945435,"[[46  9]
 [ 6 29]]",0.8333333333333334,0.7631578947368421,0.8363636363636363,0.7945205479452055
31,10,0,0,5,0.3,13,6,0.25,0.25,10.654973983764648,"[[46  9]
 [ 6 29]]",0.8333333333333334,0.7631578947368421,0.8363636363636363,0.7945205479452055
32,10,0,1,0,0.1,5,3,0.25,0.25,6.471467733383179,"[[46  9]
 [ 6 29]]",0.8333333333333334,0.7631578947368421,0.8363636363636363,0.7945205479452055
33,10,0,1,0,0.1,5,6,0.25,0.25,10.49053406715393,"[[46  9]
 [ 7 28]]",0.8222222222222222,0.7567567567567568,0.8363636363636363,0.7777777777777778
34,10,0,1,0,0.1,13,3,0.25,0.25,8.50993537902832,"[[46  9]
 [ 7 28]]",0.8222222222222222,0.7567567567567568,0.8363636363636363,0.7777777777777778
35,10,0,1,0,0.1,13,6,0.25,0.25,13.036396026611328,"[[46  9]
 [ 7 28]]",0.8222222222222222,0.7567567567567568,0.8363636363636363,0.7777777777777778
36,10,0,1,0,0.3,5,3,0.25,0.25,6.924386739730835,"[[46  9]
 [ 7 28]]",0.8222222222222222,0.7567567567567568,0.8363636363636363,0.7777777777777778
37,10,0,1,0,0.3,5,6,0.25,0.25,11.864976644515991,"[[47  8]
 [ 8 27]]",0.8222222222222222,0.7714285714285715,0.8545454545454545,0.7714285714285715
38,10,0,1,0,0.3,13,3,0.25,0.25,8.77603554725647,"[[46  9]
 [ 8 27]]",0.8111111111111111,0.75,0.8363636363636363,0.7605633802816902
39,10,0,1,0,0.3,13,6,0.25,0.25,13.541930675506592,"[[46  9]
 [ 8 27]]",0.8111111111111111,0.75,0.8363636363636363,0.7605633802816902
40,10,0,1,1,0.1,5,3,0.25,0.25,7.63655161857605,"[[46  9]
 [ 8 27]]",0.8111111111111111,0.75,0.8363636363636363,0.7605633802816902
41,10,0,1,1,0.1,5,6,0.25,0.25,11.536890029907228,"[[47  8]
 [ 8 27]]",0.8222222222222222,0.7714285714285715,0.8545454545454545,0.7714285714285715
42,10,0,1,1,0.1,13,3,0.25,0.25,9.765861749649048,"[[47  8]
 [ 8 27]]",0.8222222222222222,0.7714285714285715,0.8545454545454545,0.7714285714285715
43,10,0,1,1,0.1,13,6,0.25,0.25,15.046812534332275,"[[47  8]
 [ 8 27]]",0.8222222222222222,0.7714285714285715,0.8545454545454545,0.7714285714285715
44,10,0,1,1,0.3,5,3,0.25,0.25,8.259856462478638,"[[47  8]
 [ 8 27]]",0.8222222222222222,0.7714285714285715,0.8545454545454545,0.7714285714285715
45,10,0,1,1,0.3,5,6,0.25,0.25,12.400615453720093,"[[47  8]
 [ 8 27]]",0.8222222222222222,0.7714285714285715,0.8545454545454545,0.7714285714285715
46,10,0,1,1,0.3,13,3,0.25,0.25,10.0275981426239,"[[47  8]
 [ 8 27]]",0.8222222222222222,0.7714285714285715,0.8545454545454545,0.7714285714285715
47,10,0,1,1,0.3,13,6,0.25,0.25,15.33620810508728,"[[47  8]
 [ 8 27]]",0.8222222222222222,0.7714285714285715,0.8545454545454545,0.7714285714285715
48,10,0,1,3,0.1,5,3,0.25,0.25,8.725615739822388,"[[47  8]
 [ 7 28]]",0.8333333333333334,0.7777777777777778,0.8545454545454545,0.7887323943661971
49,10,0,1,3,0.1,5,6,0.25,0.25,11.780121088027954,"[[47  8]
 [ 7 28]]",0.8333333333333334,0.7777777777777778,0.8545454545454545,0.7887323943661971
50,10,0,1,3,0.1,13,3,0.25,0.25,10.904720306396484,"[[47  8]
 [ 7 28]]",0.8333333333333334,0.7777777777777778,0.8545454545454545,0.7887323943661971
51,10,0,1,3,0.1,13,6,0.25,0.25,14.865095853805542,"[[47  8]
 [ 7 28]]",0.8333333333333334,0.7777777777777778,0.8545454545454545,0.7887323943661971
52,10,0,1,3,0.3,5,3,0.25,0.25,9.530930042266846,"[[47  8]
 [ 7 28]]",0.8333333333333334,0.7777777777777778,0.8545454545454545,0.7887323943661971
53,10,0,1,3,0.3,5,6,0.25,0.25,12.458581447601318,"[[47  8]
 [ 7 28]]",0.8333333333333334,0.7777777777777778,0.8545454545454545,0.7887323943661971
54,10,0,1,3,0.3,13,3,0.25,0.25,11.219691276550291,"[[47  8]
 [ 8 27]]",0.8222222222222222,0.7714285714285715,0.8545454545454545,0.7714285714285715
55,10,0,1,3,0.3,13,6,0.25,0.25,15.366148233413696,"[[47  8]
 [ 8 27]]",0.8222222222222222,0.7714285714285715,0.8545454545454545,0.7714285714285715
56,10,0,1,5,0.1,5,3,0.25,0.25,10.06404447555542,"[[47  8]
 [ 7 28]]",0.8333333333333334,0.7777777777777778,0.8545454545454545,0.7887323943661971
57,10,0,1,5,0.1,5,6,0.25,0.25,14.130282163619995,"[[47  8]
 [ 7 28]]",0.8333333333333334,0.7777777777777778,0.8545454545454545,0.7887323943661971
58,10,0,1,5,0.1,13,3,0.25,0.25,13.938884973526,"[[47  8]
 [ 7 28]]",0.8333333333333334,0.7777777777777778,0.8545454545454545,0.7887323943661971
59,10,0,1,5,0.1,13,6,0.25,0.25,16.450753688812256,"[[47  8]
 [ 7 28]]",0.8333333333333334,0.7777777777777778,0.8545454545454545,0.7887323943661971
60,10,0,1,5,0.3,5,3,0.25,0.25,10.4033784866333,"[[47  8]
 [ 7 28]]",0.8333333333333334,0.7777777777777778,0.8545454545454545,0.7887323943661971
61,10,0,1,5,0.3,5,6,0.25,0.25,13.37417459487915,"[[47  8]
 [ 7 28]]",0.8333333333333334,0.7777777777777778,0.8545454545454545,0.7887323943661971
62,10,0,1,5,0.3,13,3,0.25,0.25,12.220006227493286,"[[47  8]
 [ 7 28]]",0.8333333333333334,0.7777777777777778,0.8545454545454545,0.7887323943661971
63,10,0,1,5,0.3,13,6,0.25,0.25,16.133208751678467,"[[47  8]
 [ 7 28]]",0.8333333333333334,0.7777777777777778,0.8545454545454545,0.7887323943661971
64,10,0,5,0,0.1,5,3,0.25,0.25,10.393632650375366,"[[47  8]
 [ 7 28]]",0.8333333333333334,0.7777777777777778,0.8545454545454545,0.7887323943661971
65,10,0,5,0,0.1,5,6,0.25,0.25,10.468186140060425,"[[47  8]
 [ 7 28]]",0.8333333333333334,0.7777777777777778,0.8545454545454545,0.7887323943661971
66,10,0,5,0,0.1,13,3,0.25,0.25,11.617083549499512,"[[47  8]
 [ 7 28]]",0.8333333333333334,0.7777777777777778,0.8545454545454545,0.7887323943661971
67,10,0,5,0,0.1,13,6,0.25,0.25,13.797569036483765,"[[47  8]
 [ 7 28]]",0.8333333333333334,0.7777777777777778,0.8545454545454545,0.7887323943661971
68,10,0,5,0,0.3,5,3,0.25,0.25,10.724637269973757,"[[47  8]
 [ 7 28]]",0.8333333333333334,0.7777777777777778,0.8545454545454545,0.7887323943661971
69,10,0,5,0,0.3,5,6,0.25,0.25,10.262884616851808,"[[47  8]
 [ 7 28]]",0.8333333333333334,0.7777777777777778,0.8545454545454545,0.7887323943661971
70,10,0,5,0,0.3,13,3,0.25,0.25,11.577987432479858,"[[47  8]
 [ 7 28]]",0.8333333333333334,0.7777777777777778,0.8545454545454545,0.7887323943661971
71,10,0,5,0,0.3,13,6,0.25,0.25,11.68018889427185,"[[47  8]
 [ 7 28]]",0.8333333333333334,0.7777777777777778,0.8545454545454545,0.7887323943661971
72,10,0,5,1,0.1,5,3,0.25,0.25,11.592016696929932,"[[47  8]
 [ 7 28]]",0.8333333333333334,0.7777777777777778,0.8545454545454545,0.7887323943661971
73,10,0,5,1,0.1,5,6,0.25,0.25,11.38212513923645,"[[47  8]
 [ 7 28]]",0.8333333333333334,0.7777777777777778,0.8545454545454545,0.7887323943661971
74,10,0,5,1,0.1,13,3,0.25,0.25,11.881186485290527,"[[47  8]
 [ 7 28]]",0.8333333333333334,0.7777777777777778,0.8545454545454545,0.7887323943661971
75,10,0,5,1,0.1,13,6,0.25,0.25,13.81222677230835,"[[47  8]
 [ 7 28]]",0.8333333333333334,0.7777777777777778,0.8545454545454545,0.7887323943661971
76,10,0,5,1,0.3,5,3,0.25,0.25,11.077523469924929,"[[47  8]
 [ 7 28]]",0.8333333333333334,0.7777777777777778,0.8545454545454545,0.7887323943661971
77,10,0,5,1,0.3,5,6,0.25,0.25,11.088131189346312,"[[47  8]
 [ 7 28]]",0.8333333333333334,0.7777777777777778,0.8545454545454545,0.7887323943661971
78,10,0,5,1,0.3,13,3,0.25,0.25,11.990482330322266,"[[47  8]
 [ 7 28]]",0.8333333333333334,0.7777777777777778,0.8545454545454545,0.7887323943661971
79,10,0,5,1,0.3,13,6,0.25,0.25,12.3681538105011,"[[47  8]
 [ 7 28]]",0.8333333333333334,0.7777777777777778,0.8545454545454545,0.7887323943661971
80,10,0,5,3,0.1,5,3,0.25,0.25,12.185656547546388,"[[47  8]
 [ 7 28]]",0.8333333333333334,0.7777777777777778,0.8545454545454545,0.7887323943661971
81,10,0,5,3,0.1,5,6,0.25,0.25,12.71384048461914,"[[47  8]
 [ 7 28]]",0.8333333333333334,0.7777777777777778,0.8545454545454545,0.7887323943661971
82,10,0,5,3,0.1,13,3,0.25,0.25,13.608289003372192,"[[47  8]
 [ 7 28]]",0.8333333333333334,0.7777777777777778,0.8545454545454545,0.7887323943661971
83,10,0,5,3,0.1,13,6,0.25,0.25,13.62363338470459,"[[47  8]
 [ 7 28]]",0.8333333333333334,0.7777777777777778,0.8545454545454545,0.7887323943661971
84,10,0,5,3,0.3,5,3,0.25,0.25,11.433386325836182,"[[47  8]
 [ 7 28]]",0.8333333333333334,0.7777777777777778,0.8545454545454545,0.7887323943661971
85,10,0,5,3,0.3,5,6,0.25,0.25,12.496413469314575,"[[47  8]
 [ 7 28]]",0.8333333333333334,0.7777777777777778,0.8545454545454545,0.7887323943661971
86,10,0,5,3,0.3,13,3,0.25,0.25,13.05134391784668,"[[47  8]
 [ 7 28]]",0.8333333333333334,0.7777777777777778,0.8545454545454545,0.7887323943661971
87,10,0,5,3,0.3,13,6,0.25,0.25,13.820712089538574,"[[47  8]
 [ 7 28]]",0.8333333333333334,0.7777777777777778,0.8545454545454545,0.7887323943661971
88,10,0,5,5,0.1,5,3,0.25,0.25,12.45769190788269,"[[47  8]
 [ 7 28]]",0.8333333333333334,0.7777777777777778,0.8545454545454545,0.7887323943661971
89,10,0,5,5,0.1,5,6,0.25,0.25,13.217385053634644,"[[47  8]
 [ 7 28]]",0.8333333333333334,0.7777777777777778,0.8545454545454545,0.7887323943661971
90,10,0,5,5,0.1,13,3,0.25,0.25,14.62876272201538,"[[47  8]
 [ 7 28]]",0.8333333333333334,0.7777777777777778,0.8545454545454545,0.7887323943661971
91,10,0,5,5,0.1,13,6,0.25,0.25,14.93562912940979,"[[47  8]
 [ 7 28]]",0.8333333333333334,0.7777777777777778,0.8545454545454545,0.7887323943661971
92,10,0,5,5,0.3,5,3,0.25,0.25,12.89714741706848,"[[47  8]
 [ 7 28]]",0.8333333333333334,0.7777777777777778,0.8545454545454545,0.7887323943661971
93,10,0,5,5,0.3,5,6,0.25,0.25,12.676686525344849,"[[47  8]
 [ 7 28]]",0.8333333333333334,0.7777777777777778,0.8545454545454545,0.7887323943661971
94,10,0,5,5,0.3,13,3,0.25,0.25,13.87604022026062,"[[47  8]
 [ 7 28]]",0.8333333333333334,0.7777777777777778,0.8545454545454545,0.7887323943661971
95,10,0,5,5,0.3,13,6,0.25,0.25,14.387537956237791,"[[47  8]
 [ 7 28]]",0.8333333333333334,0.7777777777777778,0.8545454545454545,0.7887323943661971
96,10,0,10,0,0.1,5,3,0.25,0.25,12.715243577957152,"[[48  7]
 [ 7 28]]",0.8444444444444444,0.8,0.8727272727272727,0.8000000000000002
97,10,0,10,0,0.1,5,6,0.25,0.25,13.447709321975708,"[[48  7]
 [ 7 28]]",0.8444444444444444,0.8,0.8727272727272727,0.8000000000000002
98,10,0,10,0,0.1,13,3,0.25,0.25,14.238190412521362,"[[48  7]
 [ 7 28]]",0.8444444444444444,0.8,0.8727272727272727,0.8000000000000002
99,10,0,10,0,0.1,13,6,0.25,0.25,14.47612738609314,"[[49  6]
 [ 7 28]]",0.8555555555555555,0.8235294117647058,0.8909090909090909,0.8115942028985507
100,10,0,10,0,0.3,5,3,0.25,0.25,13.369436979293823,"[[49  6]
 [ 7 28]]",0.8555555555555555,0.8235294117647058,0.8909090909090909,0.8115942028985507
101,10,0,10,0,0.3,5,6,0.25,0.25,12.844202518463137,"[[49  6]
 [ 7 28]]",0.8555555555555555,0.8235294117647058,0.8909090909090909,0.8115942028985507
102,10,0,10,0,0.3,13,3,0.25,0.25,13.388464450836182,"[[49  6]
 [ 7 28]]",0.8555555555555555,0.8235294117647058,0.8909090909090909,0.8115942028985507
103,10,0,10,0,0.3,13,6,0.25,0.25,14.03881335258484,"[[49  6]
 [ 7 28]]",0.8555555555555555,0.8235294117647058,0.8909090909090909,0.8115942028985507
104,10,0,10,1,0.1,5,3,0.25,0.25,13.996810674667358,"[[49  6]
 [ 7 28]]",0.8555555555555555,0.8235294117647058,0.8909090909090909,0.8115942028985507
105,10,0,10,1,0.1,5,6,0.25,0.25,13.826178073883057,"[[49  6]
 [ 7 28]]",0.8555555555555555,0.8235294117647058,0.8909090909090909,0.8115942028985507
106,10,0,10,1,0.1,13,3,0.25,0.25,14.519612312316896,"[[49  6]
 [ 7 28]]",0.8555555555555555,0.8235294117647058,0.8909090909090909,0.8115942028985507
107,10,0,10,1,0.1,13,6,0.25,0.25,14.729222059249878,"[[49  6]
 [ 7 28]]",0.8555555555555555,0.8235294117647058,0.8909090909090909,0.8115942028985507
108,10,0,10,1,0.3,5,3,0.25,0.25,13.530343532562256,"[[49  6]
 [ 7 28]]",0.8555555555555555,0.8235294117647058,0.8909090909090909,0.8115942028985507
109,10,0,10,1,0.3,5,6,0.25,0.25,13.408259391784668,"[[49  6]
 [ 7 28]]",0.8555555555555555,0.8235294117647058,0.8909090909090909,0.8115942028985507
110,10,0,10,1,0.3,13,3,0.25,0.25,14.09873080253601,"[[49  6]
 [ 7 28]]",0.8555555555555555,0.8235294117647058,0.8909090909090909,0.8115942028985507
111,10,0,10,1,0.3,13,6,0.25,0.25,14.29223918914795,"[[49  6]
 [ 7 28]]",0.8555555555555555,0.8235294117647058,0.8909090909090909,0.8115942028985507
112,10,0,10,3,0.1,5,3,0.25,0.25,14.406908750534058,"[[49  6]
 [ 7 28]]",0.8555555555555555,0.8235294117647058,0.8909090909090909,0.8115942028985507
113,10,0,10,3,0.1,5,6,0.25,0.25,14.00592041015625,"[[49  6]
 [ 7 28]]",0.8555555555555555,0.8235294117647058,0.8909090909090909,0.8115942028985507
114,10,0,10,3,0.1,13,3,0.25,0.25,15.300758361816406,"[[49  6]
 [ 7 28]]",0.8555555555555555,0.8235294117647058,0.8909090909090909,0.8115942028985507
115,10,0,10,3,0.1,13,6,0.25,0.25,14.82081699371338,"[[49  6]
 [ 7 28]]",0.8555555555555555,0.8235294117647058,0.8909090909090909,0.8115942028985507
116,10,0,10,3,0.3,5,3,0.25,0.25,14.269566059112549,"[[49  6]
 [ 7 28]]",0.8555555555555555,0.8235294117647058,0.8909090909090909,0.8115942028985507
117,10,0,10,3,0.3,5,6,0.25,0.25,13.959248065948486,"[[49  6]
 [ 7 28]]",0.8555555555555555,0.8235294117647058,0.8909090909090909,0.8115942028985507
118,10,0,10,3,0.3,13,3,0.25,0.25,14.969660520553589,"[[49  6]
 [ 7 28]]",0.8555555555555555,0.8235294117647058,0.8909090909090909,0.8115942028985507
119,10,0,10,3,0.3,13,6,0.25,0.25,14.481233596801758,"[[49  6]
 [ 7 28]]",0.8555555555555555,0.8235294117647058,0.8909090909090909,0.8115942028985507
120,10,0,10,5,0.1,5,3,0.25,0.25,14.946523904800417,"[[49  6]
 [ 7 28]]",0.8555555555555555,0.8235294117647058,0.8909090909090909,0.8115942028985507
121,10,0,10,5,0.1,5,6,0.25,0.25,15.776390790939333,"[[49  6]
 [ 7 28]]",0.8555555555555555,0.8235294117647058,0.8909090909090909,0.8115942028985507
122,10,0,10,5,0.1,13,3,0.25,0.25,15.436173915863035,"[[49  6]
 [ 7 28]]",0.8555555555555555,0.8235294117647058,0.8909090909090909,0.8115942028985507
123,10,0,10,5,0.1,13,6,0.25,0.25,16.127867937088013,"[[49  6]
 [ 7 28]]",0.8555555555555555,0.8235294117647058,0.8909090909090909,0.8115942028985507
124,10,0,10,5,0.3,5,3,0.25,0.25,15.3521728515625,"[[49  6]
 [ 7 28]]",0.8555555555555555,0.8235294117647058,0.8909090909090909,0.8115942028985507
125,10,0,10,5,0.3,5,6,0.25,0.25,14.949000597000122,"[[49  6]
 [ 7 28]]",0.8555555555555555,0.8235294117647058,0.8909090909090909,0.8115942028985507
126,10,0,10,5,0.3,13,3,0.25,0.25,15.06772756576538,"[[49  6]
 [ 7 28]]",0.8555555555555555,0.8235294117647058,0.8909090909090909,0.8115942028985507
127,10,0,10,5,0.3,13,6,0.25,0.25,15.17376184463501,"[[49  6]
 [ 7 28]]",0.8555555555555555,0.8235294117647058,0.8909090909090909,0.8115942028985507
128,10,1,0,0,0.1,5,3,0.25,0.25,17.614206552505493,"[[49  6]
 [ 7 28]]",0.8555555555555555,0.8235294117647058,0.8909090909090909,0.8115942028985507
129,10,1,0,0,0.1,5,6,0.25,0.25,24.97287511825561,"[[49  6]
 [ 7 28]]",0.8555555555555555,0.8235294117647058,0.8909090909090909,0.8115942028985507
130,10,1,0,0,0.1,13,3,0.25,0.25,19.813376426696777,"[[49  6]
 [ 7 28]]",0.8555555555555555,0.8235294117647058,0.8909090909090909,0.8115942028985507
131,10,1,0,0,0.1,13,6,0.25,0.25,26.29281115531921,"[[49  6]
 [ 7 28]]",0.8555555555555555,0.8235294117647058,0.8909090909090909,0.8115942028985507
132,10,1,0,0,0.3,5,3,0.25,0.25,18.26253771781921,"[[49  6]
 [ 7 28]]",0.8555555555555555,0.8235294117647058,0.8909090909090909,0.8115942028985507
133,10,1,0,0,0.3,5,6,0.25,0.25,10.709795236587524,"[[51  5]
 [ 7 27]]",0.8666666666666667,0.84375,0.9107142857142856,0.8181818181818182
134,10,1,0,0,0.3,13,3,0.25,0.25,6.356226921081543,"[[53  3]
 [ 7 27]]",0.8888888888888888,0.9,0.9464285714285714,0.84375
135,10,1,0,0,0.3,13,6,0.25,0.25,14.806438207626345,"[[54  2]
 [ 7 27]]",0.9,0.9310344827586208,0.9642857142857144,0.8571428571428571
136,10,1,0,1,0.1,5,3,0.25,0.25,5.625882863998413,"[[53  3]
 [ 8 26]]",0.8777777777777778,0.896551724137931,0.9464285714285714,0.8253968253968255
137,10,1,0,1,0.1,5,6,0.25,0.25,10.414668083190918,"[[54  2]
 [ 9 25]]",0.8777777777777778,0.925925925925926,0.9642857142857144,0.819672131147541
138,10,1,0,1,0.1,13,3,0.25,0.25,7.422307252883911,"[[53  3]
 [10 24]]",0.8555555555555555,0.8888888888888888,0.9464285714285714,0.7868852459016393
139,10,1,0,1,0.1,13,6,0.25,0.25,14.19416618347168,"[[53  3]
 [10 24]]",0.8555555555555555,0.8888888888888888,0.9464285714285714,0.7868852459016393
140,10,1,0,1,0.3,5,3,0.25,0.25,6.00580644607544,"[[53  3]
 [11 23]]",0.8444444444444444,0.8846153846153846,0.9464285714285714,0.7666666666666666
141,10,1,0,1,0.3,5,6,0.25,0.25,11.569469928741457,"[[53  3]
 [10 24]]",0.8555555555555555,0.8888888888888888,0.9464285714285714,0.7868852459016393
142,10,1,0,1,0.3,13,3,0.25,0.25,8.217847347259521,"[[53  3]
 [11 23]]",0.8444444444444444,0.8846153846153846,0.9464285714285714,0.7666666666666666
143,10,1,0,1,0.3,13,6,0.25,0.25,15.001112937927246,"[[53  3]
 [10 24]]",0.8555555555555555,0.8888888888888888,0.9464285714285714,0.7868852459016393
144,10,1,0,3,0.1,5,3,0.25,0.25,6.587875127792358,"[[53  3]
 [11 23]]",0.8444444444444444,0.8846153846153846,0.9464285714285714,0.7666666666666666
145,10,1,0,3,0.1,5,6,0.25,0.25,9.635273218154907,"[[53  3]
 [11 23]]",0.8444444444444444,0.8846153846153846,0.9464285714285714,0.7666666666666666
146,10,1,0,3,0.1,13,3,0.25,0.25,8.744622468948364,"[[53  3]
 [11 23]]",0.8444444444444444,0.8846153846153846,0.9464285714285714,0.7666666666666666
147,10,1,0,3,0.1,13,6,0.25,0.25,12.193634271621704,"[[53  3]
 [11 23]]",0.8444444444444444,0.8846153846153846,0.9464285714285714,0.7666666666666666
148,10,1,0,3,0.3,5,3,0.25,0.25,7.352238655090332,"[[53  3]
 [11 23]]",0.8444444444444444,0.8846153846153846,0.9464285714285714,0.7666666666666666
149,10,1,0,3,0.3,5,6,0.25,0.25,10.815915822982788,"[[53  3]
 [11 23]]",0.8444444444444444,0.8846153846153846,0.9464285714285714,0.7666666666666666
150,10,1,0,3,0.3,13,3,0.25,0.25,8.983049154281616,"[[53  3]
 [11 23]]",0.8444444444444444,0.8846153846153846,0.9464285714285714,0.7666666666666666
151,10,1,0,3,0.3,13,6,0.25,0.25,14.090840816497805,"[[53  3]
 [11 23]]",0.8444444444444444,0.8846153846153846,0.9464285714285714,0.7666666666666666
152,10,1,0,5,0.1,5,3,0.25,0.25,8.046079397201538,"[[53  3]
 [11 23]]",0.8444444444444444,0.8846153846153846,0.9464285714285714,0.7666666666666666
153,10,1,0,5,0.1,5,6,0.25,0.25,9.87389636039734,"[[53  3]
 [11 23]]",0.8444444444444444,0.8846153846153846,0.9464285714285714,0.7666666666666666
154,10,1,0,5,0.1,13,3,0.25,0.25,10.752262115478516,"[[53  3]
 [11 23]]",0.8444444444444444,0.8846153846153846,0.9464285714285714,0.7666666666666666
155,10,1,0,5,0.1,13,6,0.25,0.25,13.104769706726074,"[[53  3]
 [11 23]]",0.8444444444444444,0.8846153846153846,0.9464285714285714,0.7666666666666666
156,10,1,0,5,0.3,5,3,0.25,0.25,8.457255363464355,"[[53  3]
 [11 23]]",0.8444444444444444,0.8846153846153846,0.9464285714285714,0.7666666666666666
157,10,1,0,5,0.3,5,6,0.25,0.25,10.45281147956848,"[[53  3]
 [11 23]]",0.8444444444444444,0.8846153846153846,0.9464285714285714,0.7666666666666666
158,10,1,0,5,0.3,13,3,0.25,0.25,10.603244304656982,"[[53  3]
 [11 23]]",0.8444444444444444,0.8846153846153846,0.9464285714285714,0.7666666666666666
159,10,1,0,5,0.3,13,6,0.25,0.25,13.51324224472046,"[[53  3]
 [11 23]]",0.8444444444444444,0.8846153846153846,0.9464285714285714,0.7666666666666666
160,10,1,1,0,0.1,5,3,0.25,0.25,9.781945943832396,"[[53  3]
 [11 23]]",0.8444444444444444,0.8846153846153846,0.9464285714285714,0.7666666666666666
161,10,1,1,0,0.1,5,6,0.25,0.25,11.973413467407228,"[[53  3]
 [11 23]]",0.8444444444444444,0.8846153846153846,0.9464285714285714,0.7666666666666666
162,10,1,1,0,0.1,13,3,0.25,0.25,11.755653858184814,"[[53  3]
 [11 23]]",0.8444444444444444,0.8846153846153846,0.9464285714285714,0.7666666666666666
163,10,1,1,0,0.1,13,6,0.25,0.25,14.91196060180664,"[[53  3]
 [11 23]]",0.8444444444444444,0.8846153846153846,0.9464285714285714,0.7666666666666666
164,10,1,1,0,0.3,5,3,0.25,0.25,10.154757022857666,"[[53  3]
 [11 23]]",0.8444444444444444,0.8846153846153846,0.9464285714285714,0.7666666666666666
165,10,1,1,0,0.3,5,6,0.25,0.25,12.64212703704834,"[[53  3]
 [11 23]]",0.8444444444444444,0.8846153846153846,0.9464285714285714,0.7666666666666666
166,10,1,1,0,0.3,13,3,0.25,0.25,11.83750867843628,"[[53  3]
 [11 23]]",0.8444444444444444,0.8846153846153846,0.9464285714285714,0.7666666666666666
167,10,1,1,0,0.3,13,6,0.25,0.25,15.674269199371338,"[[53  3]
 [11 23]]",0.8444444444444444,0.8846153846153846,0.9464285714285714,0.7666666666666666
168,10,1,1,1,0.1,5,3,0.25,0.25,10.885147094726562,"[[53  3]
 [11 23]]",0.8444444444444444,0.8846153846153846,0.9464285714285714,0.7666666666666666
169,10,1,1,1,0.1,5,6,0.25,0.25,13.454129219055176,"[[53  3]
 [11 23]]",0.8444444444444444,0.8846153846153846,0.9464285714285714,0.7666666666666666
170,10,1,1,1,0.1,13,3,0.25,0.25,12.978222131729126,"[[53  3]
 [11 23]]",0.8444444444444444,0.8846153846153846,0.9464285714285714,0.7666666666666666
171,10,1,1,1,0.1,13,6,0.25,0.25,17.179365873336792,"[[53  3]
 [11 23]]",0.8444444444444444,0.8846153846153846,0.9464285714285714,0.7666666666666666
172,10,1,1,1,0.3,5,3,0.25,0.25,11.875868797302246,"[[53  3]
 [11 23]]",0.8444444444444444,0.8846153846153846,0.9464285714285714,0.7666666666666666
173,10,1,1,1,0.3,5,6,0.25,0.25,13.145238637924194,"[[53  3]
 [11 23]]",0.8444444444444444,0.8846153846153846,0.9464285714285714,0.7666666666666666
174,10,1,1,1,0.3,13,3,0.25,0.25,13.21658706665039,"[[53  3]
 [11 23]]",0.8444444444444444,0.8846153846153846,0.9464285714285714,0.7666666666666666
175,10,1,1,1,0.3,13,6,0.25,0.25,16.42250895500183,"[[53  3]
 [11 23]]",0.8444444444444444,0.8846153846153846,0.9464285714285714,0.7666666666666666
176,10,1,1,3,0.1,5,3,0.25,0.25,11.856156587600708,"[[53  3]
 [11 23]]",0.8444444444444444,0.8846153846153846,0.9464285714285714,0.7666666666666666
177,10,1,1,3,0.1,5,6,0.25,0.25,13.529027462005615,"[[53  3]
 [11 23]]",0.8444444444444444,0.8846153846153846,0.9464285714285714,0.7666666666666666
178,10,1,1,3,0.1,13,3,0.25,0.25,14.002251625061035,"[[53  3]
 [11 23]]",0.8444444444444444,0.8846153846153846,0.9464285714285714,0.7666666666666666
179,10,1,1,3,0.1,13,6,0.25,0.25,15.748244524002075,"[[53  3]
 [11 23]]",0.8444444444444444,0.8846153846153846,0.9464285714285714,0.7666666666666666
180,10,1,1,3,0.3,5,3,0.25,0.25,12.685460329055786,"[[53  3]
 [11 23]]",0.8444444444444444,0.8846153846153846,0.9464285714285714,0.7666666666666666
181,10,1,1,3,0.3,5,6,0.25,0.25,13.95171570777893,"[[53  3]
 [11 23]]",0.8444444444444444,0.8846153846153846,0.9464285714285714,0.7666666666666666
182,10,1,1,3,0.3,13,3,0.25,0.25,14.879947662353516,"[[53  3]
 [11 23]]",0.8444444444444444,0.8846153846153846,0.9464285714285714,0.7666666666666666
183,10,1,1,3,0.3,13,6,0.25,0.25,17.122631549835205,"[[53  3]
 [11 23]]",0.8444444444444444,0.8846153846153846,0.9464285714285714,0.7666666666666666
184,10,1,1,5,0.1,5,3,0.25,0.25,12.992318630218506,"[[53  3]
 [11 23]]",0.8444444444444444,0.8846153846153846,0.9464285714285714,0.7666666666666666
185,10,1,1,5,0.1,5,6,0.25,0.25,14.253997087478638,"[[53  3]
 [11 23]]",0.8444444444444444,0.8846153846153846,0.9464285714285714,0.7666666666666666
186,10,1,1,5,0.1,13,3,0.25,0.25,15.655487537384031,"[[53  3]
 [11 23]]",0.8444444444444444,0.8846153846153846,0.9464285714285714,0.7666666666666666
187,10,1,1,5,0.1,13,6,0.25,0.25,16.33862805366516,"[[53  3]
 [11 23]]",0.8444444444444444,0.8846153846153846,0.9464285714285714,0.7666666666666666
188,10,1,1,5,0.3,5,3,0.25,0.25,13.203416347503662,"[[53  3]
 [11 23]]",0.8444444444444444,0.8846153846153846,0.9464285714285714,0.7666666666666666
189,10,1,1,5,0.3,5,6,0.25,0.25,14.387757062911987,"[[53  3]
 [11 23]]",0.8444444444444444,0.8846153846153846,0.9464285714285714,0.7666666666666666
190,10,1,1,5,0.3,13,3,0.25,0.25,14.459769248962402,"[[53  3]
 [11 23]]",0.8444444444444444,0.8846153846153846,0.9464285714285714,0.7666666666666666
191,10,1,1,5,0.3,13,6,0.25,0.25,17.420402765274048,"[[53  3]
 [11 23]]",0.8444444444444444,0.8846153846153846,0.9464285714285714,0.7666666666666666
192,10,1,5,0,0.1,5,3,0.25,0.25,12.78184962272644,"[[53  3]
 [11 23]]",0.8444444444444444,0.8846153846153846,0.9464285714285714,0.7666666666666666
193,10,1,5,0,0.1,5,6,0.25,0.25,13.15066623687744,"[[53  3]
 [11 23]]",0.8444444444444444,0.8846153846153846,0.9464285714285714,0.7666666666666666
194,10,1,5,0,0.1,13,3,0.25,0.25,13.916183948516846,"[[53  3]
 [11 23]]",0.8444444444444444,0.8846153846153846,0.9464285714285714,0.7666666666666666
195,10,1,5,0,0.1,13,6,0.25,0.25,13.87478232383728,"[[53  3]
 [11 23]]",0.8444444444444444,0.8846153846153846,0.9464285714285714,0.7666666666666666
196,10,1,5,0,0.3,5,3,0.25,0.25,12.724085807800291,"[[53  3]
 [11 23]]",0.8444444444444444,0.8846153846153846,0.9464285714285714,0.7666666666666666
197,10,1,5,0,0.3,5,6,0.25,0.25,13.17626929283142,"[[53  3]
 [11 23]]",0.8444444444444444,0.8846153846153846,0.9464285714285714,0.7666666666666666
198,10,1,5,0,0.3,13,3,0.25,0.25,14.002169132232666,"[[53  3]
 [11 23]]",0.8444444444444444,0.8846153846153846,0.9464285714285714,0.7666666666666666
199,10,1,5,0,0.3,13,6,0.25,0.25,13.612001419067385,"[[53  3]
 [11 23]]",0.8444444444444444,0.8846153846153846,0.9464285714285714,0.7666666666666666
200,10,1,5,1,0.1,5,3,0.25,0.25,14.06125259399414,"[[53  3]
 [11 23]]",0.8444444444444444,0.8846153846153846,0.9464285714285714,0.7666666666666666
201,10,1,5,1,0.1,5,6,0.25,0.25,13.274776458740234,"[[53  3]
 [11 23]]",0.8444444444444444,0.8846153846153846,0.9464285714285714,0.7666666666666666
202,10,1,5,1,0.1,13,3,0.25,0.25,14.75294017791748,"[[53  3]
 [11 23]]",0.8444444444444444,0.8846153846153846,0.9464285714285714,0.7666666666666666
203,10,1,5,1,0.1,13,6,0.25,0.25,15.279937982559204,"[[53  3]
 [11 23]]",0.8444444444444444,0.8846153846153846,0.9464285714285714,0.7666666666666666
204,10,1,5,1,0.3,5,3,0.25,0.25,13.323498010635376,"[[53  3]
 [11 23]]",0.8444444444444444,0.8846153846153846,0.9464285714285714,0.7666666666666666
205,10,1,5,1,0.3,5,6,0.25,0.25,13.27891492843628,"[[53  3]
 [11 23]]",0.8444444444444444,0.8846153846153846,0.9464285714285714,0.7666666666666666
206,10,1,5,1,0.3,13,3,0.25,0.25,14.783974885940552,"[[53  3]
 [11 23]]",0.8444444444444444,0.8846153846153846,0.9464285714285714,0.7666666666666666
207,10,1,5,1,0.3,13,6,0.25,0.25,14.538510084152222,"[[53  3]
 [11 23]]",0.8444444444444444,0.8846153846153846,0.9464285714285714,0.7666666666666666
208,10,1,5,3,0.1,5,3,0.25,0.25,14.449406862258911,"[[53  3]
 [11 23]]",0.8444444444444444,0.8846153846153846,0.9464285714285714,0.7666666666666666
209,10,1,5,3,0.1,5,6,0.25,0.25,14.505147695541382,"[[53  3]
 [11 23]]",0.8444444444444444,0.8846153846153846,0.9464285714285714,0.7666666666666666
210,10,1,5,3,0.1,13,3,0.25,0.25,15.740231990814207,"[[53  3]
 [11 23]]",0.8444444444444444,0.8846153846153846,0.9464285714285714,0.7666666666666666
211,10,1,5,3,0.1,13,6,0.25,0.25,15.79416823387146,"[[53  3]
 [11 23]]",0.8444444444444444,0.8846153846153846,0.9464285714285714,0.7666666666666666
212,10,1,5,3,0.3,5,3,0.25,0.25,14.05733871459961,"[[53  3]
 [11 23]]",0.8444444444444444,0.8846153846153846,0.9464285714285714,0.7666666666666666
213,10,1,5,3,0.3,5,6,0.25,0.25,14.259721279144289,"[[53  3]
 [11 23]]",0.8444444444444444,0.8846153846153846,0.9464285714285714,0.7666666666666666
214,10,1,5,3,0.3,13,3,0.25,0.25,15.800986528396606,"[[53  3]
 [11 23]]",0.8444444444444444,0.8846153846153846,0.9464285714285714,0.7666666666666666
215,10,1,5,3,0.3,13,6,0.25,0.25,15.53832221031189,"[[53  3]
 [11 23]]",0.8444444444444444,0.8846153846153846,0.9464285714285714,0.7666666666666666
216,10,1,5,5,0.1,5,3,0.25,0.25,16.149425506591797,"[[53  3]
 [11 23]]",0.8444444444444444,0.8846153846153846,0.9464285714285714,0.7666666666666666
217,10,1,5,5,0.1,5,6,0.25,0.25,15.502226114273071,"[[53  3]
 [11 23]]",0.8444444444444444,0.8846153846153846,0.9464285714285714,0.7666666666666666
218,10,1,5,5,0.1,13,3,0.25,0.25,15.904593467712402,"[[53  3]
 [11 23]]",0.8444444444444444,0.8846153846153846,0.9464285714285714,0.7666666666666666
219,10,1,5,5,0.1,13,6,0.25,0.25,16.092535257339478,"[[53  3]
 [11 23]]",0.8444444444444444,0.8846153846153846,0.9464285714285714,0.7666666666666666
220,10,1,5,5,0.3,5,3,0.25,0.25,14.906396627426147,"[[53  3]
 [11 23]]",0.8444444444444444,0.8846153846153846,0.9464285714285714,0.7666666666666666
221,10,1,5,5,0.3,5,6,0.25,0.25,14.899262428283691,"[[53  3]
 [11 23]]",0.8444444444444444,0.8846153846153846,0.9464285714285714,0.7666666666666666
222,10,1,5,5,0.3,13,3,0.25,0.25,15.858259439468384,"[[53  3]
 [11 23]]",0.8444444444444444,0.8846153846153846,0.9464285714285714,0.7666666666666666
223,10,1,5,5,0.3,13,6,0.25,0.25,16.77121067047119,"[[53  3]
 [11 23]]",0.8444444444444444,0.8846153846153846,0.9464285714285714,0.7666666666666666
224,10,1,10,0,0.1,5,3,0.25,0.25,15.106557369232178,"[[53  3]
 [11 23]]",0.8444444444444444,0.8846153846153846,0.9464285714285714,0.7666666666666666
225,10,1,10,0,0.1,5,6,0.25,0.25,15.412347316741943,"[[53  3]
 [11 23]]",0.8444444444444444,0.8846153846153846,0.9464285714285714,0.7666666666666666
226,10,1,10,0,0.1,13,3,0.25,0.25,16.173495769500732,"[[53  3]
 [11 23]]",0.8444444444444444,0.8846153846153846,0.9464285714285714,0.7666666666666666
227,10,1,10,0,0.1,13,6,0.25,0.25,16.5853533744812,"[[53  3]
 [11 23]]",0.8444444444444444,0.8846153846153846,0.9464285714285714,0.7666666666666666
228,10,1,10,0,0.3,5,3,0.25,0.25,15.549939632415771,"[[53  3]
 [11 23]]",0.8444444444444444,0.8846153846153846,0.9464285714285714,0.7666666666666666
229,10,1,10,0,0.3,5,6,0.25,0.25,15.35988974571228,"[[53  3]
 [11 23]]",0.8444444444444444,0.8846153846153846,0.9464285714285714,0.7666666666666666
230,10,1,10,0,0.3,13,3,0.25,0.25,16.1344997882843,"[[53  3]
 [11 23]]",0.8444444444444444,0.8846153846153846,0.9464285714285714,0.7666666666666666
231,10,1,10,0,0.3,13,6,0.25,0.25,15.86316204071045,"[[53  3]
 [11 23]]",0.8444444444444444,0.8846153846153846,0.9464285714285714,0.7666666666666666
232,10,1,10,1,0.1,5,3,0.25,0.25,15.61868381500244,"[[53  3]
 [11 23]]",0.8444444444444444,0.8846153846153846,0.9464285714285714,0.7666666666666666
233,10,1,10,1,0.1,5,6,0.25,0.25,15.5011146068573,"[[53  3]
 [11 23]]",0.8444444444444444,0.8846153846153846,0.9464285714285714,0.7666666666666666
234,10,1,10,1,0.1,13,3,0.25,0.25,16.924920082092285,"[[53  3]
 [11 23]]",0.8444444444444444,0.8846153846153846,0.9464285714285714,0.7666666666666666
235,10,1,10,1,0.1,13,6,0.25,0.25,16.547409296035767,"[[53  3]
 [11 23]]",0.8444444444444444,0.8846153846153846,0.9464285714285714,0.7666666666666666
236,10,1,10,1,0.3,5,3,0.25,0.25,15.91222620010376,"[[53  3]
 [11 23]]",0.8444444444444444,0.8846153846153846,0.9464285714285714,0.7666666666666666
237,10,1,10,1,0.3,5,6,0.25,0.25,16.302916526794434,"[[53  3]
 [11 23]]",0.8444444444444444,0.8846153846153846,0.9464285714285714,0.7666666666666666
238,10,1,10,1,0.3,13,3,0.25,0.25,17.170337200164795,"[[53  3]
 [11 23]]",0.8444444444444444,0.8846153846153846,0.9464285714285714,0.7666666666666666
239,10,1,10,1,0.3,13,6,0.25,0.25,16.516729831695557,"[[53  3]
 [11 23]]",0.8444444444444444,0.8846153846153846,0.9464285714285714,0.7666666666666666
240,10,1,10,3,0.1,5,3,0.25,0.25,15.699665546417236,"[[53  3]
 [11 23]]",0.8444444444444444,0.8846153846153846,0.9464285714285714,0.7666666666666666
241,10,1,10,3,0.1,5,6,0.25,0.25,16.487518072128296,"[[53  3]
 [11 23]]",0.8444444444444444,0.8846153846153846,0.9464285714285714,0.7666666666666666
242,10,1,10,3,0.1,13,3,0.25,0.25,17.462087392807007,"[[53  3]
 [11 23]]",0.8444444444444444,0.8846153846153846,0.9464285714285714,0.7666666666666666
243,10,1,10,3,0.1,13,6,0.25,0.25,17.699146509170532,"[[53  3]
 [11 23]]",0.8444444444444444,0.8846153846153846,0.9464285714285714,0.7666666666666666
244,10,1,10,3,0.3,5,3,0.25,0.25,17.667647123336792,"[[53  3]
 [11 23]]",0.8444444444444444,0.8846153846153846,0.9464285714285714,0.7666666666666666
245,10,1,10,3,0.3,5,6,0.25,0.25,17.167961835861206,"[[53  3]
 [11 23]]",0.8444444444444444,0.8846153846153846,0.9464285714285714,0.7666666666666666
246,10,1,10,3,0.3,13,3,0.25,0.25,17.596094369888306,"[[53  3]
 [11 23]]",0.8444444444444444,0.8846153846153846,0.9464285714285714,0.7666666666666666
247,10,1,10,3,0.3,13,6,0.25,0.25,17.38734197616577,"[[53  3]
 [11 23]]",0.8444444444444444,0.8846153846153846,0.9464285714285714,0.7666666666666666
248,10,1,10,5,0.1,5,3,0.25,0.25,17.309902906417847,"[[53  3]
 [11 23]]",0.8444444444444444,0.8846153846153846,0.9464285714285714,0.7666666666666666
249,10,1,10,5,0.1,5,6,0.25,0.25,17.84246015548706,"[[53  3]
 [11 23]]",0.8444444444444444,0.8846153846153846,0.9464285714285714,0.7666666666666666
250,10,1,10,5,0.1,13,3,0.25,0.25,17.662009477615356,"[[53  3]
 [11 23]]",0.8444444444444444,0.8846153846153846,0.9464285714285714,0.7666666666666666
251,10,1,10,5,0.1,13,6,0.25,0.25,18.16232919692993,"[[53  3]
 [11 23]]",0.8444444444444444,0.8846153846153846,0.9464285714285714,0.7666666666666666
252,10,1,10,5,0.3,5,3,0.25,0.25,17.339788913726807,"[[53  3]
 [11 23]]",0.8444444444444444,0.8846153846153846,0.9464285714285714,0.7666666666666666
253,10,1,10,5,0.3,5,6,0.25,0.25,16.56588387489319,"[[53  3]
 [11 23]]",0.8444444444444444,0.8846153846153846,0.9464285714285714,0.7666666666666666
254,10,1,10,5,0.3,13,3,0.25,0.25,17.826873540878296,"[[53  3]
 [11 23]]",0.8444444444444444,0.8846153846153846,0.9464285714285714,0.7666666666666666
255,10,1,10,5,0.3,13,6,0.25,0.25,17.407463788986206,"[[53  3]
 [11 23]]",0.8444444444444444,0.8846153846153846,0.9464285714285714,0.7666666666666666
256,25,0,0,0,0.1,5,3,0.25,0.25,51.18325185775757,"[[53  3]
 [11 23]]",0.8444444444444444,0.8846153846153846,0.9464285714285714,0.7666666666666666
257,25,0,0,0,0.1,5,6,0.25,0.25,79.955317735672,"[[53  3]
 [11 23]]",0.8444444444444444,0.8846153846153846,0.9464285714285714,0.7666666666666666
258,25,0,0,0,0.1,13,3,0.25,0.25,58.28163528442383,"[[53  3]
 [11 23]]",0.8444444444444444,0.8846153846153846,0.9464285714285714,0.7666666666666666
259,25,0,0,0,0.1,13,6,0.25,0.25,92.59437322616576,"[[53  3]
 [11 23]]",0.8444444444444444,0.8846153846153846,0.9464285714285714,0.7666666666666666
260,25,0,0,0,0.3,5,3,0.25,0.25,55.754810094833374,"[[56  0]
 [34  0]]",0.6222222222222222,,1.0,
261,25,0,0,0,0.3,5,6,0.25,0.25,69.75614619255066,"[[56  0]
 [34  0]]",0.6222222222222222,,1.0,
262,25,0,0,0,0.3,13,3,0.25,0.25,63.07615947723389,"[[56  0]
 [34  0]]",0.6222222222222222,,1.0,
263,25,0,0,0,0.3,13,6,0.25,0.25,73.81724071502686,"[[56  0]
 [34  0]]",0.6222222222222222,,1.0,
264,25,0,0,1,0.1,5,3,0.25,0.25,63.65947222709656,"[[56  0]
 [34  0]]",0.6222222222222222,,1.0,
265,25,0,0,1,0.1,5,6,0.25,0.25,83.16335821151733,"[[56  0]
 [34  0]]",0.6222222222222222,,1.0,
266,25,0,0,1,0.1,13,3,0.25,0.25,69.35703182220459,"[[56  0]
 [34  0]]",0.6222222222222222,,1.0,
267,25,0,0,1,0.1,13,6,0.25,0.25,93.54046535491943,"[[56  0]
 [34  0]]",0.6222222222222222,,1.0,
268,25,0,0,1,0.3,5,3,0.25,0.25,66.14600443840027,"[[56  0]
 [34  0]]",0.6222222222222222,,1.0,
269,25,0,0,1,0.3,5,6,0.25,0.25,75.8858585357666,"[[56  0]
 [34  0]]",0.6222222222222222,,1.0,
270,25,0,0,1,0.3,13,3,0.25,0.25,73.34674978256226,"[[56  0]
 [34  0]]",0.6222222222222222,,1.0,
271,25,0,0,1,0.3,13,6,0.25,0.25,86.65232729911804,"[[56  0]
 [34  0]]",0.6222222222222222,,1.0,
272,25,0,0,3,0.1,5,3,0.25,0.25,72.22244071960449,"[[56  0]
 [34  0]]",0.6222222222222222,,1.0,
273,25,0,0,3,0.1,5,6,0.25,0.25,83.50819230079651,"[[56  0]
 [34  0]]",0.6222222222222222,,1.0,
274,25,0,0,3,0.1,13,3,0.25,0.25,77.19192862510681,"[[56  0]
 [34  0]]",0.6222222222222222,,1.0,
275,25,0,0,3,0.1,13,6,0.25,0.25,95.28998589515686,"[[56  0]
 [34  0]]",0.6222222222222222,,1.0,
276,25,0,0,3,0.3,5,3,0.25,0.25,75.32726263999939,"[[56  0]
 [34  0]]",0.6222222222222222,,1.0,
277,25,0,0,3,0.3,5,6,0.25,0.25,85.02166295051575,"[[56  0]
 [34  0]]",0.6222222222222222,,1.0,
278,25,0,0,3,0.3,13,3,0.25,0.25,81.76076865196228,"[[56  0]
 [34  0]]",0.6222222222222222,,1.0,
279,25,0,0,3,0.3,13,6,0.25,0.25,95.9422492980957,"[[56  0]
 [34  0]]",0.6222222222222222,,1.0,
280,25,0,0,5,0.1,5,3,0.25,0.25,80.07122826576233,"[[56  0]
 [34  0]]",0.6222222222222222,,1.0,
281,25,0,0,5,0.1,5,6,0.25,0.25,88.42640256881714,"[[56  0]
 [34  0]]",0.6222222222222222,,1.0,
282,25,0,0,5,0.1,13,3,0.25,0.25,88.49652981758118,"[[56  0]
 [34  0]]",0.6222222222222222,,1.0,
283,25,0,0,5,0.1,13,6,0.25,0.25,99.3446912765503,"[[56  0]
 [34  0]]",0.6222222222222222,,1.0,
284,25,0,0,5,0.3,5,3,0.25,0.25,10.04346227645874,"[[46  7]
 [12 25]]",0.7888888888888889,0.78125,0.8679245283018868,0.7246376811594203
285,25,0,0,5,0.3,5,6,0.25,0.25,15.258997440338135,"[[49  4]
 [13 24]]",0.8111111111111111,0.8571428571428571,0.9245283018867925,0.7384615384615384
286,25,0,0,5,0.3,13,3,0.25,0.25,14.94041132926941,"[[50  3]
 [14 23]]",0.8111111111111111,0.8846153846153846,0.9433962264150944,0.7301587301587302
287,25,0,0,5,0.3,13,6,0.25,0.25,22.740243673324585,"[[50  3]
 [14 23]]",0.8111111111111111,0.8846153846153846,0.9433962264150944,0.7301587301587302
288,25,0,1,0,0.1,5,3,0.25,0.25,15.585873126983643,"[[52  1]
 [17 20]]",0.8,0.9523809523809523,0.9811320754716981,0.6896551724137931
289,25,0,1,0,0.1,5,6,0.25,0.25,26.198797702789307,"[[50  3]
 [16 21]]",0.7888888888888889,0.875,0.9433962264150944,0.6885245901639344
290,25,0,1,0,0.1,13,3,0.25,0.25,21.42638397216797,"[[52  1]
 [16 21]]",0.8111111111111111,0.9545454545454546,0.9811320754716981,0.711864406779661
291,25,0,1,0,0.1,13,6,0.25,0.25,36.015010833740234,"[[50  3]
 [15 22]]",0.8,0.88,0.9433962264150944,0.7096774193548386
292,25,0,1,0,0.3,5,3,0.25,0.25,19.319737672805786,"[[50  3]
 [15 22]]",0.8,0.88,0.9433962264150944,0.7096774193548386
293,25,0,1,0,0.3,5,6,0.25,0.25,21.431272506713867,"[[53  0]
 [37  0]]",0.5888888888888889,,1.0,
294,25,0,1,0,0.3,13,3,0.25,0.25,23.899993419647217,"[[53  0]
 [37  0]]",0.5888888888888889,,1.0,
295,25,0,1,0,0.3,13,6,0.25,0.25,29.59476947784424,"[[53  0]
 [37  0]]",0.5888888888888889,,1.0,
296,25,0,1,1,0.1,5,3,0.25,0.25,23.67101550102234,"[[53  0]
 [37  0]]",0.5888888888888889,,1.0,
297,25,0,1,1,0.1,5,6,0.25,0.25,36.165926694869995,"[[53  0]
 [37  0]]",0.5888888888888889,,1.0,
298,25,0,1,1,0.1,13,3,0.25,0.25,31.73937964439392,"[[53  0]
 [37  0]]",0.5888888888888889,,1.0,
299,25,0,1,1,0.1,13,6,0.25,0.25,43.27543258666992,"[[53  0]
 [37  0]]",0.5888888888888889,,1.0,
300,25,0,1,1,0.3,5,3,0.25,0.25,26.567573070526123,"[[53  0]
 [37  0]]",0.5888888888888889,,1.0,
301,25,0,1,1,0.3,5,6,0.25,0.25,37.39562439918518,"[[53  0]
 [37  0]]",0.5888888888888889,,1.0,
302,25,0,1,1,0.3,13,3,0.25,0.25,33.02537655830383,"[[53  0]
 [37  0]]",0.5888888888888889,,1.0,
303,25,0,1,1,0.3,13,6,0.25,0.25,48.75639319419861,"[[53  0]
 [37  0]]",0.5888888888888889,,1.0,
304,25,0,1,3,0.1,5,3,0.25,0.25,31.57624101638794,"[[53  0]
 [37  0]]",0.5888888888888889,,1.0,
305,25,0,1,3,0.1,5,6,0.25,0.25,38.725701570510864,"[[53  0]
 [37  0]]",0.5888888888888889,,1.0,
306,25,0,1,3,0.1,13,3,0.25,0.25,36.78316855430603,"[[53  0]
 [37  0]]",0.5888888888888889,,1.0,
307,25,0,1,3,0.1,13,6,0.25,0.25,47.382113218307495,"[[53  0]
 [37  0]]",0.5888888888888889,,1.0,
308,25,0,1,3,0.3,5,3,0.25,0.25,34.96681046485901,"[[53  0]
 [37  0]]",0.5888888888888889,,1.0,
309,25,0,1,3,0.3,5,6,0.25,0.25,41.97546863555908,"[[53  0]
 [37  0]]",0.5888888888888889,,1.0,
310,25,0,1,3,0.3,13,3,0.25,0.25,40.92550182342529,"[[53  0]
 [37  0]]",0.5888888888888889,,1.0,
311,25,0,1,3,0.3,13,6,0.25,0.25,50.99570298194885,"[[53  0]
 [37  0]]",0.5888888888888889,,1.0,
312,25,0,1,5,0.1,5,3,0.25,0.25,39.27833342552185,"[[53  0]
 [37  0]]",0.5888888888888889,,1.0,
313,25,0,1,5,0.1,5,6,0.25,0.25,45.013933420181274,"[[53  0]
 [37  0]]",0.5888888888888889,,1.0,
314,25,0,1,5,0.1,13,3,0.25,0.25,44.63400220870972,"[[53  0]
 [37  0]]",0.5888888888888889,,1.0,
315,25,0,1,5,0.1,13,6,0.25,0.25,54.213844299316406,"[[53  0]
 [37  0]]",0.5888888888888889,,1.0,
316,25,0,1,5,0.3,5,3,0.25,0.25,43.35964250564575,"[[53  0]
 [37  0]]",0.5888888888888889,,1.0,
317,25,0,1,5,0.3,5,6,0.25,0.25,48.63446354866028,"[[53  0]
 [37  0]]",0.5888888888888889,,1.0,
318,25,0,1,5,0.3,13,3,0.25,0.25,49.1666419506073,"[[53  0]
 [37  0]]",0.5888888888888889,,1.0,
319,25,0,1,5,0.3,13,6,0.25,0.25,56.5441632270813,"[[53  0]
 [37  0]]",0.5888888888888889,,1.0,
320,25,0,5,0,0.1,5,3,0.25,0.25,46.02059316635132,"[[53  0]
 [37  0]]",0.5888888888888889,,1.0,
321,25,0,5,0,0.1,5,6,0.25,0.25,45.87480974197388,"[[53  0]
 [37  0]]",0.5888888888888889,,1.0,
322,25,0,5,0,0.1,13,3,0.25,0.25,48.208330154418945,"[[53  0]
 [37  0]]",0.5888888888888889,,1.0,
323,25,0,5,0,0.1,13,6,0.25,0.25,49.073949098587036,"[[53  0]
 [37  0]]",0.5888888888888889,,1.0,
324,25,0,5,0,0.3,5,3,0.25,0.25,46.64226675033569,"[[53  0]
 [37  0]]",0.5888888888888889,,1.0,
325,25,0,5,0,0.3,5,6,0.25,0.25,46.77043414115906,"[[53  0]
 [37  0]]",0.5888888888888889,,1.0,
326,25,0,5,0,0.3,13,3,0.25,0.25,49.25208806991577,"[[53  0]
 [37  0]]",0.5888888888888889,,1.0,
327,25,0,5,0,0.3,13,6,0.25,0.25,50.7106728553772,"[[53  0]
 [37  0]]",0.5888888888888889,,1.0,
328,25,0,5,1,0.1,5,3,0.25,0.25,50.05239653587341,"[[53  0]
 [37  0]]",0.5888888888888889,,1.0,
329,25,0,5,1,0.1,5,6,0.25,0.25,50.2310094833374,"[[53  0]
 [37  0]]",0.5888888888888889,,1.0,
330,25,0,5,1,0.1,13,3,0.25,0.25,52.826486110687256,"[[53  0]
 [37  0]]",0.5888888888888889,,1.0,
331,25,0,5,1,0.1,13,6,0.25,0.25,53.37853145599365,"[[53  0]
 [37  0]]",0.5888888888888889,,1.0,
332,25,0,5,1,0.3,5,3,0.25,0.25,50.55182886123657,"[[53  0]
 [37  0]]",0.5888888888888889,,1.0,
333,25,0,5,1,0.3,5,6,0.25,0.25,53.230806827545166,"[[53  0]
 [37  0]]",0.5888888888888889,,1.0,
334,25,0,5,1,0.3,13,3,0.25,0.25,54.59598922729492,"[[53  0]
 [37  0]]",0.5888888888888889,,1.0,
335,25,0,5,1,0.3,13,6,0.25,0.25,53.336803674697876,"[[53  0]
 [37  0]]",0.5888888888888889,,1.0,
336,25,0,5,3,0.1,5,3,0.25,0.25,55.084564208984375,"[[53  0]
 [37  0]]",0.5888888888888889,,1.0,
337,25,0,5,3,0.1,5,6,0.25,0.25,54.42362356185913,"[[53  0]
 [37  0]]",0.5888888888888889,,1.0,
338,25,0,5,3,0.1,13,3,0.25,0.25,57.35101628303528,"[[53  0]
 [37  0]]",0.5888888888888889,,1.0,
339,25,0,5,3,0.1,13,6,0.25,0.25,58.982872009277344,"[[53  0]
 [37  0]]",0.5888888888888889,,1.0,
340,25,0,5,3,0.3,5,3,0.25,0.25,52.9923369884491,"[[53  0]
 [37  0]]",0.5888888888888889,,1.0,
341,25,0,5,3,0.3,5,6,0.25,0.25,54.85395002365112,"[[53  0]
 [37  0]]",0.5888888888888889,,1.0,
342,25,0,5,3,0.3,13,3,0.25,0.25,55.74905800819397,"[[53  0]
 [37  0]]",0.5888888888888889,,1.0,
343,25,0,5,3,0.3,13,6,0.25,0.25,58.50021290779114,"[[53  0]
 [37  0]]",0.5888888888888889,,1.0,
344,25,0,5,5,0.1,5,3,0.25,0.25,57.75504660606384,"[[53  0]
 [37  0]]",0.5888888888888889,,1.0,
345,25,0,5,5,0.1,5,6,0.25,0.25,57.345030069351196,"[[53  0]
 [37  0]]",0.5888888888888889,,1.0,
346,25,0,5,5,0.1,13,3,0.25,0.25,59.20607352256775,"[[53  0]
 [37  0]]",0.5888888888888889,,1.0,
347,25,0,5,5,0.1,13,6,0.25,0.25,59.91281223297119,"[[53  0]
 [37  0]]",0.5888888888888889,,1.0,
348,25,0,5,5,0.3,5,3,0.25,0.25,58.56625509262085,"[[53  0]
 [37  0]]",0.5888888888888889,,1.0,
349,25,0,5,5,0.3,5,6,0.25,0.25,60.792341232299805,"[[53  0]
 [37  0]]",0.5888888888888889,,1.0,
350,25,0,5,5,0.3,13,3,0.25,0.25,61.2811541557312,"[[53  0]
 [37  0]]",0.5888888888888889,,1.0,
351,25,0,5,5,0.3,13,6,0.25,0.25,62.64857769012451,"[[53  0]
 [37  0]]",0.5888888888888889,,1.0,
352,25,0,10,0,0.1,5,3,0.25,0.25,60.12646555900574,"[[53  0]
 [37  0]]",0.5888888888888889,,1.0,
353,25,0,10,0,0.1,5,6,0.25,0.25,61.23135423660278,"[[53  0]
 [37  0]]",0.5888888888888889,,1.0,
354,25,0,10,0,0.1,13,3,0.25,0.25,61.071828842163086,"[[53  0]
 [37  0]]",0.5888888888888889,,1.0,
355,25,0,10,0,0.1,13,6,0.25,0.25,61.64375829696655,"[[53  0]
 [37  0]]",0.5888888888888889,,1.0,
356,25,0,10,0,0.3,5,3,0.25,0.25,62.21626853942871,"[[53  0]
 [37  0]]",0.5888888888888889,,1.0,
357,25,0,10,0,0.3,5,6,0.25,0.25,61.62408447265625,"[[53  0]
 [37  0]]",0.5888888888888889,,1.0,
358,25,0,10,0,0.3,13,3,0.25,0.25,65.72918486595154,"[[53  0]
 [37  0]]",0.5888888888888889,,1.0,
359,25,0,10,0,0.3,13,6,0.25,0.25,67.12843132019043,"[[53  0]
 [37  0]]",0.5888888888888889,,1.0,
360,25,0,10,1,0.1,5,3,0.25,0.25,67.25391626358032,"[[53  0]
 [37  0]]",0.5888888888888889,,1.0,
361,25,0,10,1,0.1,5,6,0.25,0.25,67.77805709838867,"[[53  0]
 [37  0]]",0.5888888888888889,,1.0,
362,25,0,10,1,0.1,13,3,0.25,0.25,70.86723351478577,"[[53  0]
 [37  0]]",0.5888888888888889,,1.0,
363,25,0,10,1,0.1,13,6,0.25,0.25,71.36028051376343,"[[53  0]
 [37  0]]",0.5888888888888889,,1.0,
364,25,0,10,1,0.3,5,3,0.25,0.25,69.9217836856842,"[[53  0]
 [37  0]]",0.5888888888888889,,1.0,
365,25,0,10,1,0.3,5,6,0.25,0.25,71.94633197784424,"[[53  0]
 [37  0]]",0.5888888888888889,,1.0,
366,25,0,10,1,0.3,13,3,0.25,0.25,74.11173987388611,"[[53  0]
 [37  0]]",0.5888888888888889,,1.0,
367,25,0,10,1,0.3,13,6,0.25,0.25,78.05725049972534,"[[53  0]
 [37  0]]",0.5888888888888889,,1.0,
368,25,0,10,3,0.1,5,3,0.25,0.25,75.92114353179932,"[[53  0]
 [37  0]]",0.5888888888888889,,1.0,
369,25,0,10,3,0.1,5,6,0.25,0.25,76.34987568855286,"[[53  0]
 [37  0]]",0.5888888888888889,,1.0,
370,25,0,10,3,0.1,13,3,0.25,0.25,79.92706799507141,"[[53  0]
 [37  0]]",0.5888888888888889,,1.0,
371,25,0,10,3,0.1,13,6,0.25,0.25,76.84894013404846,"[[53  0]
 [37  0]]",0.5888888888888889,,1.0,
372,25,0,10,3,0.3,5,3,0.25,0.25,79.3700602054596,"[[53  0]
 [37  0]]",0.5888888888888889,,1.0,
373,25,0,10,3,0.3,5,6,0.25,0.25,81.41534209251404,"[[53  0]
 [37  0]]",0.5888888888888889,,1.0,
374,25,0,10,3,0.3,13,3,0.25,0.25,82.5734589099884,"[[53  0]
 [37  0]]",0.5888888888888889,,1.0,
375,25,0,10,3,0.3,13,6,0.25,0.25,81.93780970573425,"[[53  0]
 [37  0]]",0.5888888888888889,,1.0,
376,25,0,10,5,0.1,5,3,0.25,0.25,82.6750819683075,"[[53  0]
 [37  0]]",0.5888888888888889,,1.0,
377,25,0,10,5,0.1,5,6,0.25,0.25,80.98215937614441,"[[53  0]
 [37  0]]",0.5888888888888889,,1.0,
378,25,0,10,5,0.1,13,3,0.25,0.25,79.001145362854,"[[53  0]
 [37  0]]",0.5888888888888889,,1.0,
379,25,0,10,5,0.1,13,6,0.25,0.25,79.04887366294861,"[[53  0]
 [37  0]]",0.5888888888888889,,1.0,
380,25,0,10,5,0.3,5,3,0.25,0.25,68.76634979248047,"[[53  0]
 [37  0]]",0.5888888888888889,,1.0,
381,25,0,10,5,0.3,5,6,0.25,0.25,70.91139721870422,"[[53  0]
 [37  0]]",0.5888888888888889,,1.0,
382,25,0,10,5,0.3,13,3,0.25,0.25,76.77886700630188,"[[53  0]
 [37  0]]",0.5888888888888889,,1.0,
383,25,0,10,5,0.3,13,6,0.25,0.25,70.85897159576416,"[[53  0]
 [37  0]]",0.5888888888888889,,1.0,
384,25,1,0,0,0.1,5,3,0.25,0.25,77.06124997138977,"[[53  0]
 [37  0]]",0.5888888888888889,,1.0,
